flagCode,country,TotalUsers2024Feb,YouTubeUsers_Penetration_Pct_2024Feb,YouTubeUsersJuly2023,YouTubeUsersPenetrationJuly2023,latitude,longitude
IN,India,462000000,61.5,467.0,36.2,20.5937,78.9629
US,United States,239000000,72.2,246.0,78.3,37.0902,-95.7129
BR,Brazil,144000000,76.6,142.0,72.9,-14.235,-51.9253
ID,Indonesia,139000000,75.0,139.0,55.0,-0.7893,113.9213
MX,Mexico,83100000,77.5,81.8,71.1,23.6345,-102.5528
JP,Japan,78600000,75.3,78.4,70.8,36.2048,138.2529
PK,Pakistan,71700000,64.6,71.7,38.9,30.3753,69.3451
DE,Germany,67800000,87.3,70.9,89.9,51.1657,10.4515
VN,Vietnam,63000000,80.3,63.0,68.1,14.0583,108.2772
TR,Turkey,57500000,77.3,57.9,73.9,38.9637,35.2433
GB,United Kingdom,56200000,84.7,57.1,91.9,55.3781,-3.436
FR,France,50700000,83.4,52.1,88.8,46.6034,1.8883
EG,Egypt,44700000,54.5,45.9,50.6,26.8206,30.8025
KR,South Korea,44300000,88.1,46.0,91.6,35.9078,127.7669
TH,Thailand,44200000,69.9,43.9,63.3,15.87,100.9925
IT,Italy,42800000,83.0,43.9,78.3,41.8719,12.5674
ES,Spain,39700000,87.1,40.7,90.1,40.4637,-3.7492
BD,Bangladesh,33600000,43.4,34.4,23.2,23.685,90.3563
CA,Canada,31900000,86.8,33.1,90.6,56.1304,-106.3468
AR,Argentina,31300000,77.1,31.8,77.6,-38.4161,-63.6167
CO,Colombia,30300000,76.7,30.7,64.2,4.5709,-74.2973
NG,Nigeria,28500000,27.7,31.6,25.2,9.082,8.6753
SA,Saudi Arabia,28300000,76.8,29.1,90.8,23.8859,45.0792
PL,Poland,27900000,78.0,27.5,71.4,51.9194,19.1451
ZA,South Africa,25100000,55.4,25.8,56.0,-30.5595,22.9375
UA,Ukraine,24300000,82.0,26.7,76.1,48.3794,31.1656
MY,Malaysia,24100000,71.7,23.9,79.6,4.2105,101.9758
DZ,Algeria,22800000,68.1,22.7,65.1,28.0339,1.6596
IQ,Iraq,22800000,62.9,24.3,72.0,33.2232,43.6793
PH,Philippines,21350000,24.5,57.7,61.4,12.8797,121.774
MA,Morocco,21200000,61.5,21.3,68.3,31.7917,-7.0926
AU,Australia,20800000,82.5,21.3,87.0,-25.2744,133.7751
CN-TW,Taiwan,19200000,88.5,20.2,87.4,23.6978,120.9605
PE,Peru,17600000,68.3,17.6,57.3,-9.19,-75.0152
CL,Chile,15200000,85.0,15.4,85.3,-35.6751,-71.543
NL,Netherlands,15000000,85.9,15.5,92.6,52.1326,5.2913
RO,Romania,13300000,73.6,13.5,72.9,45.9432,24.9668
EC,Ecuador,11700000,76.5,11.7,74.0,-1.8312,-78.1834
KE,Kenya,9790000,43.1,9.44,25.4,0.0236,37.9062
BE,Belgium,9170000,82.3,9.44,87.6,50.5039,4.4699
AE,United Arab Emirates,8820000,93.2,8.99,98.5,23.4241,53.8478
SE,Sweden,8530000,81.7,8.7,90.0,60.1282,18.6435
CZ,Czech Republic,8050000,82.7,8.07,83.5,49.8175,15.473
PT,Portugal,7430000,84.0,7.43,75.5,39.3999,-8.2245
GR,Greece,7400000,83.1,7.49,76.2,39.0742,21.8243
GT,Guatemala,7340000,66.8,7.64,53.4,15.7835,-90.2308
AT,Austria,7320000,85.3,7.34,86.8,47.5162,14.5501
HU,Hungary,7290000,78.9,7.4,77.9,47.1625,19.5033
LK,Sri Lanka,7230000,58.6,7.04,36.9,7.8731,80.7718
DO,Dominican Republic,7230000,71.3,7.39,77.4,18.7357,-70.1627
TN,Tunisia,7120000,71.5,7.24,71.3,33.8869,9.5375
IL,Israel,6920000,81.3,7.06,91.0,31.0461,34.8516
CH,Switzerland,6920000,79.2,7.29,88.4,46.8182,8.2275
GH,Ghana,6870000,28.6,6.92,32.7,7.9465,-1.0232
HK,Hong Kong,6460000,90.1,6.73,91.3,22.3193,114.1694
JO,Jordan,6380000,61.7,6.61,74.0,30.5852,36.2384
BO,Bolivia,5570000,60.9,5.88,58.1,-16.2902,-63.5887
SG,Singapore,5130000,88.6,5.08,85.8,1.3521,103.8198
RS,Serbia,5000000,78.1,5.01,72.2,44.0165,21.0059
DK,Denmark,4720000,80.5,4.94,90.0,56.2639,9.5018
LB,Lebanon,4520000,95.0,4.91,112.3,33.8547,35.8623
NO,Norway,4490000,82.5,4.62,91.9,60.472,8.4689
HN,Honduras,4460000,63.4,4.39,51.4,13.6929,-80.7921
FI,Finland,4460000,82.2,4.62,88.6,61.9241,25.7482
BG,Bulgaria,4440000,79.6,4.42,69.2,42.7339,25.4858
PY,Paraguay,4220000,75.2,4.47,83.4,-23.4425,-58.4438
SK,Slovakia,4160000,79.2,4.16,76.8,48.669,19.699
NZ,New Zealand,4130000,82.2,4.24,88.6,-40.9006,174.886
IE,Ireland,4010000,79.8,4.02,88.5,53.4129,-8.2439
OM,Oman,3970000,86.7,4.17,107.6,21.4735,55.9754
CR,Costa Rica,3860000,79.8,3.83,80.9,9.7489,-83.7534
SN,Senegal,3710000,34.4,3.71,34.7,14.4974,-14.4524
SV,El Salvador,3570000,78.0,3.51,62.0,13.7942,-88.8965
KW,Kuwait,3460000,80.7,3.59,91.4,29.3117,47.4818
NI,Nicaragua,2930000,67.2,2.97,53.6,12.8654,-85.2072
HR,Croatia,2790000,82.7,2.94,76.5,45.1,15.2
QA,Qatar,2570000,95.2,2.62,102.5,25.3548,51.1839
UY,Uruguay,2500000,81.3,2.45,78.0,-32.5228,-55.7658
PA,Panama,2450000,69.2,2.48,63.5,8.538,-80.7821
PR,Puerto Rico,2310000,83.4,2.22,72.7,18.2208,-66.5901
BA,Bosnia and Herzegovina,2160000,80.9,2.2,74.1,43.9159,17.6791
LT,Lithuania,2100000,87.2,2.12,82.4,55.1694,23.8813
SI,Slovenia,1630000,83.7,1.64,83.0,46.1512,14.9955
LV,Latvia,1460000,86.3,1.48,86.6,56.8796,24.6032
BH,Bahrain,1450000,98.2,1.46,109.5,26.0667,50.5577
EE,Estonia,1040000,84.0,1.07,87.3,58.5953,25.0136
IS,Iceland,276000,74.0,0.29,88.4,64.9631,-19.0208
